hashtag_key,hashtag_text
1,#field
2,#effect
3,#name
4,#media
5,#serious
6,#or
7,#notice
8,#four
9,#happen
10,#site
11,#others
12,#every
13,#stay
14,#main
15,#idea
16,#past
17,#reach
18,#partner
19,#community
20,#morning
21,#goal
22,#more
23,#believe
24,#popular
25,#speak
26,#human
27,#officer
28,#theory
29,#often
30,#really
31,#everyone
32,#edge
33,#just
34,#animal
35,#quickly
36,#evening
37,#statement
38,#real
39,#store
40,#gun
41,#total
42,#personal
43,#hundred
44,#operation
45,#feel
46,#follow
47,#behavior
48,#whole
49,#up
50,#first
51,#across
52,#herself
53,#air
54,#under
55,#go
56,#condition
57,#join
58,#government
59,#see
60,#act
61,#practice
62,#apply
63,#team
64,#kind
65,#bag
66,#draw
67,#choice
68,#probably
69,#move
70,#office
71,#raise
72,#prepare
73,#tough
74,#lot
75,#art
76,#line
77,#enter
78,#church
79,#system
80,#would
81,#yeah
82,#music
83,#recognize
84,#high
85,#trade
86,#artist
87,#drive
88,#recently
89,#near
90,#down
91,#describe
92,#catch
93,#to
94,#security
95,#west
96,#example
97,#than
98,#yes
99,#little
100,#race
101,#will
102,#all
103,#individual
104,#experience
105,#drop
106,#avoid
107,#mouth
108,#article
109,#research
110,#finally
111,#old
112,#your
113,#technology
114,#environment
115,#might
116,#audience
117,#develop
118,#argue
119,#way
120,#American
121,#per
122,#surface
123,#without
124,#fine
125,#like
126,#that
127,#reality
128,#look
129,#use
130,#movie
131,#picture
132,#own
133,#body
134,#ball
135,#rich
136,#sing
137,#product
138,#social
139,#chair
140,#change
141,#say
142,#same
143,#expert
144,#fast
145,#various
146,#from
147,#worker
148,#left
149,#husband
150,#set
151,#care
152,#state
153,#owner
154,#center
155,#model
156,#plant
157,#decide
158,#help
159,#moment
160,#close
161,#break
162,#recent
163,#scene
164,#size
165,#appear
166,#dinner
167,#type
168,#detail
169,#everything
170,#analysis
171,#discover
172,#knowledge
173,#Democrat
174,#direction
175,#success
176,#shake
177,#over
178,#quite
179,#step
180,#control
181,#painting
182,#new
183,#keep
184,#debate
185,#bill
186,#stop
187,#on
188,#girl
189,#listen
190,#evidence
191,#into
192,#former
193,#available
194,#because
195,#poor
196,#truth
197,#century
198,#order
199,#positive
200,#important
201,#visit
202,#option
203,#either
204,#worry
205,#wife
206,#society
207,#section
208,#financial
209,#father
210,#win
211,#skill
212,#song
213,#final
214,#degree
215,#push
216,#style
217,#bring
218,#suddenly
219,#growth
220,#live
221,#only
222,#education
223,#anyone
224,#around
225,#himself
226,#industry
227,#hospital
228,#again
229,#before
230,#add
231,#reason
232,#instead
233,#future
234,#teacher
235,#standard
236,#group
237,#simply
238,#single
239,#understand
240,#ten
241,#matter
242,#not
243,#deal
244,#game
245,#claim
246,#crime
247,#threat
248,#job
249,#manage
250,#cause
251,#rate
252,#born
253,#friend
254,#two
255,#camera
256,#big
257,#give
258,#how
259,#result
260,#ready
261,#he
262,#whom
263,#which
264,#why
265,#anything
266,#person
267,#late
268,#free
269,#different
270,#possible
271,#offer
272,#somebody
273,#never
274,#design
275,#opportunity
276,#themselves
277,#year
278,#lead
279,#any
280,#material
281,#sea
282,#sport
283,#in
284,#rise
285,#newspaper
286,#able
287,#beautiful
288,#lawyer
289,#represent
290,#itself
291,#arrive
292,#continue
293,#accept
294,#risk
295,#cold
296,#once
297,#door
298,#town
299,#weight
300,#world
301,#piece
302,#training
303,#process
304,#energy
305,#maintain
306,#son
307,#bit
308,#war
309,#physical
310,#respond
311,#treat
312,#score
313,#there
314,#relate
315,#thank
316,#soon
317,#heart
318,#pick
319,#agree
320,#month
321,#loss
322,#forget
323,#page
324,#I
325,#present
326,#sound
327,#now
328,#color
329,#this
330,#last
331,#hear
332,#rock
333,#rule
334,#trip
335,#must
336,#blood
337,#drug
338,#culture
339,#cup
340,#couple
341,#part
342,#task
343,#thus
344,#else
345,#fish
346,#quality
347,#history
348,#report
349,#general
350,#write
351,#inside
352,#then
353,#form
354,#director
355,#data
356,#scientist
357,#eight
358,#soldier
359,#reveal
360,#better
361,#talk
362,#build
363,#science
364,#too
365,#senior
366,#between
367,#modern
368,#significant
369,#involve
370,#performance
371,#few
372,#cut
373,#dark
374,#business
375,#later
376,#enough
377,#action
378,#most
379,#manager
380,#also
381,#lose
382,#market
383,#activity
384,#national
385,#account
386,#figure
387,#remain
388,#computer
389,#wish
390,#majority
391,#since
392,#management
393,#carry
394,#run
395,#issue
396,#away
397,#stuff
398,#man
399,#population
400,#here
401,#call
402,#put
403,#politics
404,#tonight
405,#sign
406,#seek
407,#necessary
408,#though
409,#happy
410,#hope
411,#return
412,#include
413,#pressure
414,#require
415,#court
416,#employee
417,#test
418,#so
419,#value
420,#news
421,#economic
422,#staff
423,#at
424,#gas
425,#discussion
426,#professor
427,#imagine
428,#parent
429,#pass
430,#should
431,#through
432,#method
433,#kitchen
434,#travel
435,#within
436,#short
437,#sell
438,#low
439,#minute
440,#wall
441,#hour
442,#participant
443,#child
444,#become
445,#number
446,#charge
447,#customer
448,#day
449,#for
450,#agreement
451,#sort
452,#mission
453,#fear
454,#including
455,#huge
456,#shoulder
457,#hotel
458,#wonder
459,#reflect
460,#great
461,#out
462,#current
463,#point
464,#firm
465,#very
466,#life
467,#but
468,#strategy
469,#woman
470,#agency
471,#get
472,#summer
473,#television
474,#certain
475,#city
476,#compare
477,#table
478,#hot
479,#language
480,#red
481,#health
482,#indicate
483,#likely
484,#word
485,#sure
486,#she
487,#other
488,#almost
489,#response
490,#teach
491,#meet
492,#occur
493,#support
494,#cover
495,#star
496,#event
497,#letter
498,#program
499,#it
500,#far
