date_key,full_date,calendar_year,calendar_quarter,calendar_month,month_name,day_of_month,day_of_week,day_name,is_weekend
20230101,2023-01-01,2023,1,1,January,1,7,Sunday,true
20230102,2023-01-02,2023,1,1,January,2,1,Monday,false
20230103,2023-01-03,2023,1,1,January,3,2,Tuesday,false
20230104,2023-01-04,2023,1,1,January,4,3,Wednesday,false
20230105,2023-01-05,2023,1,1,January,5,4,Thursday,false
20230106,2023-01-06,2023,1,1,January,6,5,Friday,false
20230107,2023-01-07,2023,1,1,January,7,6,Saturday,true
20230108,2023-01-08,2023,1,1,January,8,7,Sunday,true
20230109,2023-01-09,2023,1,1,January,9,1,Monday,false
20230110,2023-01-10,2023,1,1,January,10,2,Tuesday,false
20230111,2023-01-11,2023,1,1,January,11,3,Wednesday,false
20230112,2023-01-12,2023,1,1,January,12,4,Thursday,false
20230113,2023-01-13,2023,1,1,January,13,5,Friday,false
20230114,2023-01-14,2023,1,1,January,14,6,Saturday,true
20230115,2023-01-15,2023,1,1,January,15,7,Sunday,true
20230116,2023-01-16,2023,1,1,January,16,1,Monday,false
20230117,2023-01-17,2023,1,1,January,17,2,Tuesday,false
20230118,2023-01-18,2023,1,1,January,18,3,Wednesday,false
20230119,2023-01-19,2023,1,1,January,19,4,Thursday,false
20230120,2023-01-20,2023,1,1,January,20,5,Friday,false
20230121,2023-01-21,2023,1,1,January,21,6,Saturday,true
20230122,2023-01-22,2023,1,1,January,22,7,Sunday,true
20230123,2023-01-23,2023,1,1,January,23,1,Monday,false
20230124,2023-01-24,2023,1,1,January,24,2,Tuesday,false
20230125,2023-01-25,2023,1,1,January,25,3,Wednesday,false
20230126,2023-01-26,2023,1,1,January,26,4,Thursday,false
20230127,2023-01-27,2023,1,1,January,27,5,Friday,false
20230128,2023-01-28,2023,1,1,January,28,6,Saturday,true
20230129,2023-01-29,2023,1,1,January,29,7,Sunday,true
20230130,2023-01-30,2023,1,1,January,30,1,Monday,false
20230131,2023-01-31,2023,1,1,January,31,2,Tuesday,false
20230201,2023-02-01,2023,1,2,February,1,3,Wednesday,false
20230202,2023-02-02,2023,1,2,February,2,4,Thursday,false
20230203,2023-02-03,2023,1,2,February,3,5,Friday,false
20230204,2023-02-04,2023,1,2,February,4,6,Saturday,true
20230205,2023-02-05,2023,1,2,February,5,7,Sunday,true
20230206,2023-02-06,2023,1,2,February,6,1,Monday,false
20230207,2023-02-07,2023,1,2,February,7,2,Tuesday,false
20230208,2023-02-08,2023,1,2,February,8,3,Wednesday,false
20230209,2023-02-09,2023,1,2,February,9,4,Thursday,false
20230210,2023-02-10,2023,1,2,February,10,5,Friday,false
20230211,2023-02-11,2023,1,2,February,11,6,Saturday,true
20230212,2023-02-12,2023,1,2,February,12,7,Sunday,true
20230213,2023-02-13,2023,1,2,February,13,1,Monday,false
20230214,2023-02-14,2023,1,2,February,14,2,Tuesday,false
20230215,2023-02-15,2023,1,2,February,15,3,Wednesday,false
20230216,2023-02-16,2023,1,2,February,16,4,Thursday,false
20230217,2023-02-17,2023,1,2,February,17,5,Friday,false
20230218,2023-02-18,2023,1,2,February,18,6,Saturday,true
20230219,2023-02-19,2023,1,2,February,19,7,Sunday,true
20230220,2023-02-20,2023,1,2,February,20,1,Monday,false
20230221,2023-02-21,2023,1,2,February,21,2,Tuesday,false
20230222,2023-02-22,2023,1,2,February,22,3,Wednesday,false
20230223,2023-02-23,2023,1,2,February,23,4,Thursday,false
20230224,2023-02-24,2023,1,2,February,24,5,Friday,false
20230225,2023-02-25,2023,1,2,February,25,6,Saturday,true
20230226,2023-02-26,2023,1,2,February,26,7,Sunday,true
20230227,2023-02-27,2023,1,2,February,27,1,Monday,false
20230228,2023-02-28,2023,1,2,February,28,2,Tuesday,false
20230301,2023-03-01,2023,1,3,March,1,3,Wednesday,false
20230302,2023-03-02,2023,1,3,March,2,4,Thursday,false
20230303,2023-03-03,2023,1,3,March,3,5,Friday,false
20230304,2023-03-04,2023,1,3,March,4,6,Saturday,true
20230305,2023-03-05,2023,1,3,March,5,7,Sunday,true
20230306,2023-03-06,2023,1,3,March,6,1,Monday,false
20230307,2023-03-07,2023,1,3,March,7,2,Tuesday,false
20230308,2023-03-08,2023,1,3,March,8,3,Wednesday,false
20230309,2023-03-09,2023,1,3,March,9,4,Thursday,false
20230310,2023-03-10,2023,1,3,March,10,5,Friday,false
20230311,2023-03-11,2023,1,3,March,11,6,Saturday,true
20230312,2023-03-12,2023,1,3,March,12,7,Sunday,true
20230313,2023-03-13,2023,1,3,March,13,1,Monday,false
20230314,2023-03-14,2023,1,3,March,14,2,Tuesday,false
20230315,2023-03-15,2023,1,3,March,15,3,Wednesday,false
20230316,2023-03-16,2023,1,3,March,16,4,Thursday,false
20230317,2023-03-17,2023,1,3,March,17,5,Friday,false
20230318,2023-03-18,2023,1,3,March,18,6,Saturday,true
20230319,2023-03-19,2023,1,3,March,19,7,Sunday,true
20230320,2023-03-20,2023,1,3,March,20,1,Monday,false
20230321,2023-03-21,2023,1,3,March,21,2,Tuesday,false
20230322,2023-03-22,2023,1,3,March,22,3,Wednesday,false
20230323,2023-03-23,2023,1,3,March,23,4,Thursday,false
20230324,2023-03-24,2023,1,3,March,24,5,Friday,false
20230325,2023-03-25,2023,1,3,March,25,6,Saturday,true
20230326,2023-03-26,2023,1,3,March,26,7,Sunday,true
20230327,2023-03-27,2023,1,3,March,27,1,Monday,false
20230328,2023-03-28,2023,1,3,March,28,2,Tuesday,false
20230329,2023-03-29,2023,1,3,March,29,3,Wednesday,false
20230330,2023-03-30,2023,1,3,March,30,4,Thursday,false
20230331,2023-03-31,2023,1,3,March,31,5,Friday,false
20230401,2023-04-01,2023,2,4,April,1,6,Saturday,true
20230402,2023-04-02,2023,2,4,April,2,7,Sunday,true
20230403,2023-04-03,2023,2,4,April,3,1,Monday,false
20230404,2023-04-04,2023,2,4,April,4,2,Tuesday,false
20230405,2023-04-05,2023,2,4,April,5,3,Wednesday,false
20230406,2023-04-06,2023,2,4,April,6,4,Thursday,false
20230407,2023-04-07,2023,2,4,April,7,5,Friday,false
20230408,2023-04-08,2023,2,4,April,8,6,Saturday,true
20230409,2023-04-09,2023,2,4,April,9,7,Sunday,true
20230410,2023-04-10,2023,2,4,April,10,1,Monday,false
20230411,2023-04-11,2023,2,4,April,11,2,Tuesday,false
20230412,2023-04-12,2023,2,4,April,12,3,Wednesday,false
20230413,2023-04-13,2023,2,4,April,13,4,Thursday,false
20230414,2023-04-14,2023,2,4,April,14,5,Friday,false
20230415,2023-04-15,2023,2,4,April,15,6,Saturday,true
20230416,2023-04-16,2023,2,4,April,16,7,Sunday,true
20230417,2023-04-17,2023,2,4,April,17,1,Monday,false
20230418,2023-04-18,2023,2,4,April,18,2,Tuesday,false
20230419,2023-04-19,2023,2,4,April,19,3,Wednesday,false
20230420,2023-04-20,2023,2,4,April,20,4,Thursday,false
20230421,2023-04-21,2023,2,4,April,21,5,Friday,false
20230422,2023-04-22,2023,2,4,April,22,6,Saturday,true
20230423,2023-04-23,2023,2,4,April,23,7,Sunday,true
20230424,2023-04-24,2023,2,4,April,24,1,Monday,false
20230425,2023-04-25,2023,2,4,April,25,2,Tuesday,false
20230426,2023-04-26,2023,2,4,April,26,3,Wednesday,false
20230427,2023-04-27,2023,2,4,April,27,4,Thursday,false
20230428,2023-04-28,2023,2,4,April,28,5,Friday,false
20230429,2023-04-29,2023,2,4,April,29,6,Saturday,true
20230430,2023-04-30,2023,2,4,April,30,7,Sunday,true
20230501,2023-05-01,2023,2,5,May,1,1,Monday,false
20230502,2023-05-02,2023,2,5,May,2,2,Tuesday,false
20230503,2023-05-03,2023,2,5,May,3,3,Wednesday,false
20230504,2023-05-04,2023,2,5,May,4,4,Thursday,false
20230505,2023-05-05,2023,2,5,May,5,5,Friday,false
20230506,2023-05-06,2023,2,5,May,6,6,Saturday,true
20230507,2023-05-07,2023,2,5,May,7,7,Sunday,true
20230508,2023-05-08,2023,2,5,May,8,1,Monday,false
20230509,2023-05-09,2023,2,5,May,9,2,Tuesday,false
20230510,2023-05-10,2023,2,5,May,10,3,Wednesday,false
20230511,2023-05-11,2023,2,5,May,11,4,Thursday,false
20230512,2023-05-12,2023,2,5,May,12,5,Friday,false
20230513,2023-05-13,2023,2,5,May,13,6,Saturday,true
20230514,2023-05-14,2023,2,5,May,14,7,Sunday,true
20230515,2023-05-15,2023,2,5,May,15,1,Monday,false
20230516,2023-05-16,2023,2,5,May,16,2,Tuesday,false
20230517,2023-05-17,2023,2,5,May,17,3,Wednesday,false
20230518,2023-05-18,2023,2,5,May,18,4,Thursday,false
20230519,2023-05-19,2023,2,5,May,19,5,Friday,false
20230520,2023-05-20,2023,2,5,May,20,6,Saturday,true
20230521,2023-05-21,2023,2,5,May,21,7,Sunday,true
20230522,2023-05-22,2023,2,5,May,22,1,Monday,false
20230523,2023-05-23,2023,2,5,May,23,2,Tuesday,false
20230524,2023-05-24,2023,2,5,May,24,3,Wednesday,false
20230525,2023-05-25,2023,2,5,May,25,4,Thursday,false
20230526,2023-05-26,2023,2,5,May,26,5,Friday,false
20230527,2023-05-27,2023,2,5,May,27,6,Saturday,true
20230528,2023-05-28,2023,2,5,May,28,7,Sunday,true
20230529,2023-05-29,2023,2,5,May,29,1,Monday,false
20230530,2023-05-30,2023,2,5,May,30,2,Tuesday,false
20230531,2023-05-31,2023,2,5,May,31,3,Wednesday,false
20230601,2023-06-01,2023,2,6,June,1,4,Thursday,false
20230602,2023-06-02,2023,2,6,June,2,5,Friday,false
20230603,2023-06-03,2023,2,6,June,3,6,Saturday,true
20230604,2023-06-04,2023,2,6,June,4,7,Sunday,true
20230605,2023-06-05,2023,2,6,June,5,1,Monday,false
20230606,2023-06-06,2023,2,6,June,6,2,Tuesday,false
20230607,2023-06-07,2023,2,6,June,7,3,Wednesday,false
20230608,2023-06-08,2023,2,6,June,8,4,Thursday,false
20230609,2023-06-09,2023,2,6,June,9,5,Friday,false
20230610,2023-06-10,2023,2,6,June,10,6,Saturday,true
20230611,2023-06-11,2023,2,6,June,11,7,Sunday,true
20230612,2023-06-12,2023,2,6,June,12,1,Monday,false
20230613,2023-06-13,2023,2,6,June,13,2,Tuesday,false
20230614,2023-06-14,2023,2,6,June,14,3,Wednesday,false
20230615,2023-06-15,2023,2,6,June,15,4,Thursday,false
20230616,2023-06-16,2023,2,6,June,16,5,Friday,false
20230617,2023-06-17,2023,2,6,June,17,6,Saturday,true
20230618,2023-06-18,2023,2,6,June,18,7,Sunday,true
20230619,2023-06-19,2023,2,6,June,19,1,Monday,false
20230620,2023-06-20,2023,2,6,June,20,2,Tuesday,false
20230621,2023-06-21,2023,2,6,June,21,3,Wednesday,false
20230622,2023-06-22,2023,2,6,June,22,4,Thursday,false
20230623,2023-06-23,2023,2,6,June,23,5,Friday,false
20230624,2023-06-24,2023,2,6,June,24,6,Saturday,true
20230625,2023-06-25,2023,2,6,June,25,7,Sunday,true
20230626,2023-06-26,2023,2,6,June,26,1,Monday,false
20230627,2023-06-27,2023,2,6,June,27,2,Tuesday,false
20230628,2023-06-28,2023,2,6,June,28,3,Wednesday,false
20230629,2023-06-29,2023,2,6,June,29,4,Thursday,false
20230630,2023-06-30,2023,2,6,June,30,5,Friday,false
20230701,2023-07-01,2023,3,7,July,1,6,Saturday,true
20230702,2023-07-02,2023,3,7,July,2,7,Sunday,true
20230703,2023-07-03,2023,3,7,July,3,1,Monday,false
20230704,2023-07-04,2023,3,7,July,4,2,Tuesday,false
20230705,2023-07-05,2023,3,7,July,5,3,Wednesday,false
20230706,2023-07-06,2023,3,7,July,6,4,Thursday,false
20230707,2023-07-07,2023,3,7,July,7,5,Friday,false
20230708,2023-07-08,2023,3,7,July,8,6,Saturday,true
20230709,2023-07-09,2023,3,7,July,9,7,Sunday,true
20230710,2023-07-10,2023,3,7,July,10,1,Monday,false
20230711,2023-07-11,2023,3,7,July,11,2,Tuesday,false
20230712,2023-07-12,2023,3,7,July,12,3,Wednesday,false
20230713,2023-07-13,2023,3,7,July,13,4,Thursday,false
20230714,2023-07-14,2023,3,7,July,14,5,Friday,false
20230715,2023-07-15,2023,3,7,July,15,6,Saturday,true
20230716,2023-07-16,2023,3,7,July,16,7,Sunday,true
20230717,2023-07-17,2023,3,7,July,17,1,Monday,false
20230718,2023-07-18,2023,3,7,July,18,2,Tuesday,false
20230719,2023-07-19,2023,3,7,July,19,3,Wednesday,false
20230720,2023-07-20,2023,3,7,July,20,4,Thursday,false
20230721,2023-07-21,2023,3,7,July,21,5,Friday,false
20230722,2023-07-22,2023,3,7,July,22,6,Saturday,true
20230723,2023-07-23,2023,3,7,July,23,7,Sunday,true
20230724,2023-07-24,2023,3,7,July,24,1,Monday,false
20230725,2023-07-25,2023,3,7,July,25,2,Tuesday,false
20230726,2023-07-26,2023,3,7,July,26,3,Wednesday,false
20230727,2023-07-27,2023,3,7,July,27,4,Thursday,false
20230728,2023-07-28,2023,3,7,July,28,5,Friday,false
20230729,2023-07-29,2023,3,7,July,29,6,Saturday,true
20230730,2023-07-30,2023,3,7,July,30,7,Sunday,true
20230731,2023-07-31,2023,3,7,July,31,1,Monday,false
20230801,2023-08-01,2023,3,8,August,1,2,Tuesday,false
20230802,2023-08-02,2023,3,8,August,2,3,Wednesday,false
20230803,2023-08-03,2023,3,8,August,3,4,Thursday,false
20230804,2023-08-04,2023,3,8,August,4,5,Friday,false
20230805,2023-08-05,2023,3,8,August,5,6,Saturday,true
20230806,2023-08-06,2023,3,8,August,6,7,Sunday,true
20230807,2023-08-07,2023,3,8,August,7,1,Monday,false
20230808,2023-08-08,2023,3,8,August,8,2,Tuesday,false
20230809,2023-08-09,2023,3,8,August,9,3,Wednesday,false
20230810,2023-08-10,2023,3,8,August,10,4,Thursday,false
20230811,2023-08-11,2023,3,8,August,11,5,Friday,false
20230812,2023-08-12,2023,3,8,August,12,6,Saturday,true
20230813,2023-08-13,2023,3,8,August,13,7,Sunday,true
20230814,2023-08-14,2023,3,8,August,14,1,Monday,false
20230815,2023-08-15,2023,3,8,August,15,2,Tuesday,false
20230816,2023-08-16,2023,3,8,August,16,3,Wednesday,false
20230817,2023-08-17,2023,3,8,August,17,4,Thursday,false
20230818,2023-08-18,2023,3,8,August,18,5,Friday,false
20230819,2023-08-19,2023,3,8,August,19,6,Saturday,true
20230820,2023-08-20,2023,3,8,August,20,7,Sunday,true
20230821,2023-08-21,2023,3,8,August,21,1,Monday,false
20230822,2023-08-22,2023,3,8,August,22,2,Tuesday,false
20230823,2023-08-23,2023,3,8,August,23,3,Wednesday,false
20230824,2023-08-24,2023,3,8,August,24,4,Thursday,false
20230825,2023-08-25,2023,3,8,August,25,5,Friday,false
20230826,2023-08-26,2023,3,8,August,26,6,Saturday,true
20230827,2023-08-27,2023,3,8,August,27,7,Sunday,true
20230828,2023-08-28,2023,3,8,August,28,1,Monday,false
20230829,2023-08-29,2023,3,8,August,29,2,Tuesday,false
20230830,2023-08-30,2023,3,8,August,30,3,Wednesday,false
20230831,2023-08-31,2023,3,8,August,31,4,Thursday,false
20230901,2023-09-01,2023,3,9,September,1,5,Friday,false
20230902,2023-09-02,2023,3,9,September,2,6,Saturday,true
20230903,2023-09-03,2023,3,9,September,3,7,Sunday,true
20230904,2023-09-04,2023,3,9,September,4,1,Monday,false
20230905,2023-09-05,2023,3,9,September,5,2,Tuesday,false
20230906,2023-09-06,2023,3,9,September,6,3,Wednesday,false
20230907,2023-09-07,2023,3,9,September,7,4,Thursday,false
20230908,2023-09-08,2023,3,9,September,8,5,Friday,false
20230909,2023-09-09,2023,3,9,September,9,6,Saturday,true
20230910,2023-09-10,2023,3,9,September,10,7,Sunday,true
20230911,2023-09-11,2023,3,9,September,11,1,Monday,false
20230912,2023-09-12,2023,3,9,September,12,2,Tuesday,false
20230913,2023-09-13,2023,3,9,September,13,3,Wednesday,false
20230914,2023-09-14,2023,3,9,September,14,4,Thursday,false
20230915,2023-09-15,2023,3,9,September,15,5,Friday,false
20230916,2023-09-16,2023,3,9,September,16,6,Saturday,true
20230917,2023-09-17,2023,3,9,September,17,7,Sunday,true
20230918,2023-09-18,2023,3,9,September,18,1,Monday,false
20230919,2023-09-19,2023,3,9,September,19,2,Tuesday,false
20230920,2023-09-20,2023,3,9,September,20,3,Wednesday,false
20230921,2023-09-21,2023,3,9,September,21,4,Thursday,false
20230922,2023-09-22,2023,3,9,September,22,5,Friday,false
20230923,2023-09-23,2023,3,9,September,23,6,Saturday,true
20230924,2023-09-24,2023,3,9,September,24,7,Sunday,true
20230925,2023-09-25,2023,3,9,September,25,1,Monday,false
20230926,2023-09-26,2023,3,9,September,26,2,Tuesday,false
20230927,2023-09-27,2023,3,9,September,27,3,Wednesday,false
20230928,2023-09-28,2023,3,9,September,28,4,Thursday,false
20230929,2023-09-29,2023,3,9,September,29,5,Friday,false
20230930,2023-09-30,2023,3,9,September,30,6,Saturday,true
20231001,2023-10-01,2023,4,10,October,1,7,Sunday,true
20231002,2023-10-02,2023,4,10,October,2,1,Monday,false
20231003,2023-10-03,2023,4,10,October,3,2,Tuesday,false
20231004,2023-10-04,2023,4,10,October,4,3,Wednesday,false
20231005,2023-10-05,2023,4,10,October,5,4,Thursday,false
20231006,2023-10-06,2023,4,10,October,6,5,Friday,false
20231007,2023-10-07,2023,4,10,October,7,6,Saturday,true
20231008,2023-10-08,2023,4,10,October,8,7,Sunday,true
20231009,2023-10-09,2023,4,10,October,9,1,Monday,false
20231010,2023-10-10,2023,4,10,October,10,2,Tuesday,false
20231011,2023-10-11,2023,4,10,October,11,3,Wednesday,false
20231012,2023-10-12,2023,4,10,October,12,4,Thursday,false
20231013,2023-10-13,2023,4,10,October,13,5,Friday,false
20231014,2023-10-14,2023,4,10,October,14,6,Saturday,true
20231015,2023-10-15,2023,4,10,October,15,7,Sunday,true
20231016,2023-10-16,2023,4,10,October,16,1,Monday,false
20231017,2023-10-17,2023,4,10,October,17,2,Tuesday,false
20231018,2023-10-18,2023,4,10,October,18,3,Wednesday,false
20231019,2023-10-19,2023,4,10,October,19,4,Thursday,false
20231020,2023-10-20,2023,4,10,October,20,5,Friday,false
20231021,2023-10-21,2023,4,10,October,21,6,Saturday,true
20231022,2023-10-22,2023,4,10,October,22,7,Sunday,true
20231023,2023-10-23,2023,4,10,October,23,1,Monday,false
20231024,2023-10-24,2023,4,10,October,24,2,Tuesday,false
20231025,2023-10-25,2023,4,10,October,25,3,Wednesday,false
20231026,2023-10-26,2023,4,10,October,26,4,Thursday,false
20231027,2023-10-27,2023,4,10,October,27,5,Friday,false
20231028,2023-10-28,2023,4,10,October,28,6,Saturday,true
20231029,2023-10-29,2023,4,10,October,29,7,Sunday,true
20231030,2023-10-30,2023,4,10,October,30,1,Monday,false
20231031,2023-10-31,2023,4,10,October,31,2,Tuesday,false
20231101,2023-11-01,2023,4,11,November,1,3,Wednesday,false
20231102,2023-11-02,2023,4,11,November,2,4,Thursday,false
20231103,2023-11-03,2023,4,11,November,3,5,Friday,false
20231104,2023-11-04,2023,4,11,November,4,6,Saturday,true
20231105,2023-11-05,2023,4,11,November,5,7,Sunday,true
20231106,2023-11-06,2023,4,11,November,6,1,Monday,false
20231107,2023-11-07,2023,4,11,November,7,2,Tuesday,false
20231108,2023-11-08,2023,4,11,November,8,3,Wednesday,false
20231109,2023-11-09,2023,4,11,November,9,4,Thursday,false
20231110,2023-11-10,2023,4,11,November,10,5,Friday,false
20231111,2023-11-11,2023,4,11,November,11,6,Saturday,true
20231112,2023-11-12,2023,4,11,November,12,7,Sunday,true
20231113,2023-11-13,2023,4,11,November,13,1,Monday,false
20231114,2023-11-14,2023,4,11,November,14,2,Tuesday,false
20231115,2023-11-15,2023,4,11,November,15,3,Wednesday,false
20231116,2023-11-16,2023,4,11,November,16,4,Thursday,false
20231117,2023-11-17,2023,4,11,November,17,5,Friday,false
20231118,2023-11-18,2023,4,11,November,18,6,Saturday,true
20231119,2023-11-19,2023,4,11,November,19,7,Sunday,true
20231120,2023-11-20,2023,4,11,November,20,1,Monday,false
20231121,2023-11-21,2023,4,11,November,21,2,Tuesday,false
20231122,2023-11-22,2023,4,11,November,22,3,Wednesday,false
20231123,2023-11-23,2023,4,11,November,23,4,Thursday,false
20231124,2023-11-24,2023,4,11,November,24,5,Friday,false
20231125,2023-11-25,2023,4,11,November,25,6,Saturday,true
20231126,2023-11-26,2023,4,11,November,26,7,Sunday,true
20231127,2023-11-27,2023,4,11,November,27,1,Monday,false
20231128,2023-11-28,2023,4,11,November,28,2,Tuesday,false
20231129,2023-11-29,2023,4,11,November,29,3,Wednesday,false
20231130,2023-11-30,2023,4,11,November,30,4,Thursday,false
20231201,2023-12-01,2023,4,12,December,1,5,Friday,false
20231202,2023-12-02,2023,4,12,December,2,6,Saturday,true
20231203,2023-12-03,2023,4,12,December,3,7,Sunday,true
20231204,2023-12-04,2023,4,12,December,4,1,Monday,false
20231205,2023-12-05,2023,4,12,December,5,2,Tuesday,false
20231206,2023-12-06,2023,4,12,December,6,3,Wednesday,false
20231207,2023-12-07,2023,4,12,December,7,4,Thursday,false
20231208,2023-12-08,2023,4,12,December,8,5,Friday,false
20231209,2023-12-09,2023,4,12,December,9,6,Saturday,true
20231210,2023-12-10,2023,4,12,December,10,7,Sunday,true
20231211,2023-12-11,2023,4,12,December,11,1,Monday,false
20231212,2023-12-12,2023,4,12,December,12,2,Tuesday,false
20231213,2023-12-13,2023,4,12,December,13,3,Wednesday,false
20231214,2023-12-14,2023,4,12,December,14,4,Thursday,false
20231215,2023-12-15,2023,4,12,December,15,5,Friday,false
20231216,2023-12-16,2023,4,12,December,16,6,Saturday,true
20231217,2023-12-17,2023,4,12,December,17,7,Sunday,true
20231218,2023-12-18,2023,4,12,December,18,1,Monday,false
20231219,2023-12-19,2023,4,12,December,19,2,Tuesday,false
20231220,2023-12-20,2023,4,12,December,20,3,Wednesday,false
20231221,2023-12-21,2023,4,12,December,21,4,Thursday,false
20231222,2023-12-22,2023,4,12,December,22,5,Friday,false
20231223,2023-12-23,2023,4,12,December,23,6,Saturday,true
20231224,2023-12-24,2023,4,12,December,24,7,Sunday,true
20231225,2023-12-25,2023,4,12,December,25,1,Monday,false
20231226,2023-12-26,2023,4,12,December,26,2,Tuesday,false
20231227,2023-12-27,2023,4,12,December,27,3,Wednesday,false
20231228,2023-12-28,2023,4,12,December,28,4,Thursday,false
20231229,2023-12-29,2023,4,12,December,29,5,Friday,false
20231230,2023-12-30,2023,4,12,December,30,6,Saturday,true
20231231,2023-12-31,2023,4,12,December,31,7,Sunday,true
